year,month,fleet,CPUE,Input SE 
1977,7,2,220339,0.3
1980,7,2,130788,0.3
1983,7,2,76162.5,0.3
1986,7,2,136587,0.3
1989,7,2,50024.4,0.3
1992,7,2,42777.8,0.3
1995,7,2,36247.7,0.3
1998,7,2,29376.5,0.3
2001,7,2,30832,0.3
1990,7,3,9.38429,0.7
1991,7,3,3.40078,0.7
1992,7,3,2.52159,0.7
1993,7,3,2.99565,0.7
1994,7,3,1.49053,0.7
1995,7,3,2.37793,0.7
1996,7,3,3.59249,0.7
1997,7,3,2.50434,0.7
1998,7,3,3.15164,0.7
1999,7,3,9.84062,0.7
2000,7,3,6.0189,0.7
2001,7,3,2.00594,0.7
